key,value
FJ1kwohPxWDnkJbe,ZgoU8Qat7Mhxu7DSPzp
rDfpggecyrKL7jcH,EnMVjij68esYAl1b9eK
5d2tIV0sZfxM4w1R,RUu6ojxh5DTBzgschro
hnARjaDrpRnmtaUn,I2r651Ob6bGV4wWs7YI
mVyJonLtINlEcVll,yggD3nHgAjdTdQHpL7n
oq5hU4tY9TA3CYkm,UOjokPiW1PRa4NKoR62
zqssG1gnvW4lU0eD,P0YLAW74HZ8BblpajBu
IbiM75bI421H1yLg,T4aPNcvnbFtlrtkmlax
KCF9FQWeGF4mmaOi,K1Wp6bwmYIzuFbnEaI1
VkMGfIYLgL2zHKJN,MQ1gQm5byPK8HkeFHj5
KWSwD0SHdcDUhUIe,kbIaxhfWJeHiXbWrMb6
wsIL0c5MQ8jwjgxn,3MJcWsgGhnCsRUgXSOe
PZZ0raKWZiPIPeOI,yP5wv1vFeFGvrkXwjtB
REcgmN5KO4I5qfPy,S1eOBpvnY3zrR1dbEut
77so5kCdZB3Uh4p8,pPhwTK8WINRycYxwlg2
Y50TVcXTahYYlrzp,XpI6joscb2psRDhJ3fY
RVDJ5zoXEcvJNzP0,AJJQ38HiJkRFcAQSeWN
kCWGJ9bKOv8itzUh,0j1Yiua1uIqBOo3W1M5
ENa90W3IB5fLzLoD,nysKaAM7FDmpOw3KBzw
JlizRNgNNP5mrQT3,vDy8HI0rDe5tJUmmg1s
